{"cameraMode":{"drawMode":0,"name":"Shaded","section":"Shading Mode"},"sceneLighting":false,"audioPlay":false,"sceneViewState":{"showFog":true,"showMaterialUpdate":false,"showSkybox":true,"showFlares":true,"showImageEffects":true,"showParticleSystems":true},"in2DMode":false,"pivot":{"x":125.17391967773438,"y":220.8899383544922,"z":319.6025085449219},"rotation":{"x":0.07467495650053024,"y":-0.08217503130435944,"z":-0.0061746942810714249,"w":-0.9937971830368042},"size":1074.8743896484375,"orthographic":false}